expr_str,reward,MSE,complexity
x1**5/x2**3,0.8986570421977889,0.002270745,6
