expr_str,reward,MSE,complexity
x1*(x1**5 - 1)/(x1 - 1),0.9320652937471322,3.3764658e-15,7
