expr_str,reward,MSE,complexity
x1*x2**2,0.9702959776303964,9.702568e-12,3
