expr_str,reward,MSE,complexity
x1*x2**2,0.9702959773371258,9.704451e-12,3
