expr_str,reward,MSE,complexity
x1 - (cos(x1) - 1)/x1,0.8842785353712878,0.0029203705,7
log(x1*(x1**2 + x1) + (x1**2 + x1)/x1),0.8775209899107322,1.4217793e-15,13
2*x1*log(4*x1)/(x1 + 1),0.8675125141858121,0.0028122475,9
2*x1*(2*x1 + sin(x1))/(3*x1 + 1),0.8565638734541258,0.0020491334,11
