expr_str,reward,MSE,complexity
1.02*x1 - 0.07*x2 + 0.13,0.9418598533601464,0.0026124155,4
-0.69*x1**2 - 0.15*x1*x2 + 1.76*x1 - 0.02,0.9050332709059004,8.787591e-05,9
sin(1.5*x1)*cos(0.5*x2),0.904382041966173,1.3348897e-15,10
0.574949000000000,0.7764528352722239,0.08289115,0
