expr_str,reward,MSE,complexity
x1 - 0.08*x2 + 0.14,0.9395536470873623,0.0028828124,4
sin(1.5*x1)*cos(0.5*x2),0.904382045322882,1.0774503e-15,10
0.591041400000000,0.7784560519899852,0.080993764,0
