expr_str,reward,MSE,complexity
6*x1*cos(x1 - cos(x1)) + exp(x1),0.8176472531774627,0.005362178,13
(sin(2*x1) + 1)*(2*sin(x1) - cos(2*x1) + 2),0.8135646135826953,0.0021693893,16
exp(-2*x1**2 + 4*x1),0.8002872061244014,0.02341418,8
exp((2 - sin(x1))*(x1 + sin(x1))),0.7965387683954503,0.012722857,12
(3*x1**2 + x1)*(-x1**2 + 2 + 1/x1),0.7845287991818236,0.019949676,11
(2*x1**2 + 2*x1 + (x1**2 + 2*x1)*(2*x1**2 + 2*x1))/(-2*x1*(-x1**2 + x1) + 2*x1),0.7778212737106911,1.21362635e-14,25
