expr_str,reward,MSE,complexity
(x1 + 1)**3/(x1**2 - x1 + 1),0.9135168917667342,1.5162676e-13,9
exp(-2*x1**2 + 4*x1),0.8002872061244014,0.02341418,8
