expr_str,reward,MSE,complexity
log(x1**2 + 1) + log(x1**2 + x1),0.8775209455156026,7.796541e-15,13
x1 + log(2*x1),0.6788570775778099,0.16069621,5
