expr_str,reward,MSE,complexity
log(x1**2 + 1) + log(x1**2 + x1),0.8775209736473147,3.1629214e-15,13
x1 + sin(x1) - cos(x1),0.604135538821171,0.27812994,8
2*x1 - sin(1),0.5864462438827479,0.38640526,5
