expr_str,reward,MSE,complexity
3*x1*(x1 + 1)*exp(x1**2 - 1),0.8719961562712488,0.001379378,10
x1**4*(x1**2 + x1) + (x1**2 + 1)*(x1**2 + x1),0.8687456983834838,1.7336306e-14,14
