expr_str,reward,MSE,complexity
3*x1*x2/2,0.9605951163488164,8.654766e-13,4
