expr_str,reward,MSE,complexity
0.333333333333333*x1**3 + sin(x1),0.9319429046537036,1.7262e-08,7
x1,0.928646441695984,0.005903784,0
exp(x1)/2 - exp(-x1)/2,0.8863848355440843,1.6653345e-15,12
