expr_str,reward,MSE,complexity
(x1**2 + 1/x1)*(x1**3 + x1**2),0.8953381255539216,2.0664043e-14,11
4*x1**3 - x1**2 + x1,0.3604385668246613,2.5151427,7
