expr_str,reward,MSE,complexity
x1*(x1**2 + 1/x1)*(x1**2 + x1),0.9043819629156551,1.5362233e-14,10
