expr_str,reward,MSE,complexity
0.02 - 0.76/(1.65*x1**2 + 0.97),0.9222123935985855,0.000114148716,7
-0.73*x1**2 - 0.77*cos(2.15*x1) + 0.02,0.9031228778227014,1.943989e-06,10
sin(x1**2)*cos(x1) - 0.75,0.877521001118498,6.217249e-16,13
-0.492379960000000,0.8647921774822287,0.024444442,0
0.06*x1 - 0.5,0.8601211156083105,0.02280121,2
