expr_str,reward,MSE,complexity
0.52*x1*sin(2.03*x1) - 0.75,0.9304855113077668,2.8827376e-06,7
1.03*x1**2*cos(1.11*x1) - 0.75,0.912798743179828,6.195961e-07,9
(1.0908*x1**2 + 0.108)*cos(1.08*x1) - 0.86,0.9037080044572143,5.5635815e-07,10
sin(x1**2)*cos(x1) - 0.75,0.8775210054555632,3.9968028e-16,13
-0.513387560000000,0.8715762588701109,0.021711001,0
-0.01*x1 - 0.51,0.8630268041202113,0.021645894,3
