expr_str,reward,MSE,complexity
3*x1*x2/2,0.9605950921712004,9.129408e-13,4
