expr_str,reward,MSE,complexity
3*x1*x2/2,0.9605951266243014,8.4568794e-13,4
