expr_str,reward,MSE,complexity
3*x1*x2/2,0.9605950975624811,9.022472e-13,4
