expr_str,reward,MSE,complexity
3*x1*x2/2,0.9605950775893385,9.421797e-13,4
