expr_str,reward,MSE,complexity
3*x1*x2/2,0.9605951220898978,8.5439213e-13,4
