expr_str,reward,MSE,complexity
3*x1*x2/2,0.9605951684740996,7.674572e-13,4
