expr_str,reward,MSE,complexity
3*x1*x2/2,0.9605951495402762,8.023804e-13,4
