expr_str,reward,MSE,complexity
3*x1*x2/2,0.9605950560914979,9.861268e-13,4
