expr_str,reward,MSE,complexity
(sin(x1) + sin(2*x1))/(3*x1),0.8866966082372775,9.498234e-05,11
(x1 + sin(2*x1))/(4*x1 - sin(x1)),0.8854950559634162,1.0097826e-06,12
exp(x1**2*(-x1**2 + x1)/(2*x1**2 - 2*x1)),0.8514577301782444,2.3092638e-15,16
