expr_str,reward,MSE,complexity
cos(x1),0.9443306021087091,0.0007562096,3
exp(-x1**2/2),0.9227446500856104,2.3092638e-15,8
