expr_str,reward,MSE,complexity
cos(x1),0.9512994766057432,0.00039888793,3
exp(-x1**2/2),0.9227446596429494,1.4210855e-15,8
