expr_str,reward,MSE,complexity
x1*x2,0.989999472673348,2.8371972e-13,1
