expr_str,reward,MSE,complexity
x1**2 + cos(x1),0.9409130876355248,3.6321327e-07,6
exp(x1)/2 + exp(-x1)/2,0.8863848092036933,4.973799e-15,12
