expr_str,reward,MSE,complexity
3*x1**4 + (x1**2 + exp(2*x1))*sin(x1),0.8430877268238689,0.00040518213,15
2*x1**2*(2*x1**2 + x1) - (x1**2 + x1)/(x1**2/(x1**2 + x1) - 1),0.8016303919186817,6.077361e-14,22
(3*x1**2 + 2*x1)*(2*x1*sin(x1) + 1/3),0.7926919359630797,0.009205213,14
(2*x1**2 + 2*x1)*(x1 - cos(2*x1) + 1),0.6078242759042691,0.21003094,12
2*x1*(x1*exp(x1) + 2*x1),0.42639376232858583,1.3550521,8
