expr_str,reward,MSE,complexity
2*x1**3*(2*x1 + 1) + (x1 + 1)*(x1**2 + x1),0.8863846573653269,5.8479785e-14,12
