expr_str,reward,MSE,complexity
3.39*x1**3 + 2.12*x1**2 + 1.78*x1,0.913517053822708,4.4941827e-14,9
4.26*x1 + 0.96,0.5179598116089995,0.8305501,2
1.26433910000000,0.26168904189008235,7.959899,0
