expr_str,reward,MSE,complexity
3.39*x1**3 + 2.12*x1**2 + 1.78*x1,0.9135170981725154,2.6714742e-14,9
0.42*x1 + 2.0*exp(1.36*x1) - 1.94,0.6851950745226637,0.12019329,8
3.25*x1*exp(0.61*x1) + 0.05,0.6745691836378935,0.14570972,7
3.51*x1 + 0.72,0.6237488251615403,0.34477723,2
0.349875270000000,0.3249903333997847,4.3139896,0
