expr_str,reward,MSE,complexity
x1*x2,0.989999430758483,3.3061553e-13,1
