expr_str,reward,MSE,complexity
x1*x2,0.9899994534137396,3.0482284e-13,1
