expr_str,reward,MSE,complexity
x1*x2,0.9899994277994606,3.3406166e-13,1
