expr_str,reward,MSE,complexity
x1*x2,0.9899994678094736,2.8897772e-13,1
