expr_str,reward,MSE,complexity
x1*x2,0.9899994858460608,2.6972202e-13,1
