expr_str,reward,MSE,complexity
x1*x2,0.9899994651661922,2.9185543e-13,1
