expr_str,reward,MSE,complexity
x1*x2,0.9899994787168309,2.7725378e-13,1
