expr_str,reward,MSE,complexity
x1*x2,0.9899995199951235,2.3508306e-13,1
