expr_str,reward,MSE,complexity
x1*x2,0.9899994756863946,2.8048673e-13,1
