expr_str,reward,MSE,complexity
2.0*x1**3 + 1.82*x1*exp(1.16*x1),0.8988013168850217,3.8553073e-05,10
1.97*x1*(1.05*x1**2 + exp(1.09*x1) - 0.08),0.8912437928110417,2.1105738e-05,11
1.72*x1**3 + exp(1.95*x1) - 0.96,0.8785570962431757,0.0015834583,9
0.48*x1**4 + 3.39*x1**3 + 2.12*x1**2 + 1.78*x1,0.8775208363954826,4.5219382e-14,13
0.64*x1 + exp(2.09*x1) - 1.06,0.7309198470827708,0.0757323,7
4.34*x1 + 1.08,0.4914647369130119,1.0289803,2
1.38738740000000,0.2563823615019017,8.412461,0
