expr_str,reward,MSE,complexity
1.86*x1*(1.1*x1**2 + exp(1.14*x1) - 0.03),0.892419969707658,1.0693422e-05,11
1.7*x1**3 + exp(1.95*x1) - 0.96,0.882053272795622,0.0012724407,9
1.71*x1**2*(1.91*x1 + 1.45 + 1.07/x1) - 0.04,0.8801707780149824,0.0007566625,10
0.48*x1**4 + 3.39*x1**3 + 2.12*x1**2 + 1.78*x1,0.877520849648418,3.902434e-14,13
3.49*x1 + 0.81,0.6001153208299617,0.4220879,2
0.435464200000000,0.3244641162377938,4.3347445,0
