name,success,time_cost,R2,MSE,reward,complexity,expr_str_best_Reward,expr_sympy_best_Reward,expr_str_best_MSE,expr_sympy_best_MSE
Nguyen-8c,True,431.2963590621948,,1.4310774e-14,0.9702988839254268,3,1.11*x1**0.5,1.11*x1**0.5,1.10874343290051*x1**0.5,1.10874343290051*x1**0.5
Nguyen-8c,True,46.871073961257935,,5.7287506e-15,0.9702989265595194,3,1.11*x1**0.5,1.11*x1**0.5,1.11*x1**0.5,1.11*x1**0.5
