expr_str,reward,MSE,complexity
x1/x2,0.980099930279155,5.0603967e-15,2
