expr_str,reward,MSE,complexity
x1/x2,0.9800999218652466,6.3554716e-15,2
