expr_str,reward,MSE,complexity
x1/x2,0.9800999328107771,4.6995743e-15,2
