expr_str,reward,MSE,complexity
x1/x2,0.980099921667583,6.387668e-15,2
