expr_str,reward,MSE,complexity
x1/x2,0.9800999345719231,4.456435e-15,2
