expr_str,reward,MSE,complexity
(2*x1 - x1/x2)/(2*x2 - 1),0.9227446143292016,7.535084e-15,8
