expr_str,reward,MSE,complexity
x1/x2,0.9702989249789117,5.977996e-15,3
