expr_str,reward,MSE,complexity
x1/x2,0.9800999360348994,4.259371e-15,2
