expr_str,reward,MSE,complexity
x1/x2,0.9800999386736077,3.9152014e-15,2
