expr_str,reward,MSE,complexity
x1**3*(x1**2 + x1) + x1**3 + x1**2 + x1,0.8775209053142436,1.7985613e-14,13
