expr_str,reward,MSE,complexity
x1**3*(x1**2 + x1) + x1**3 + x1**2 + x1,0.8775209158045122,1.4922091e-14,13
