expr_str,reward,MSE,complexity
x1 + sin(x1**2) + 1/3,0.9135155184129614,3.5825613e-12,9
x1,0.5573560011113747,0.63073045,0
