expr_str,reward,MSE,complexity
x1*x2**2*x3/(3*x4*x5),0.9227438270154124,8.8366787e-13,8
x1*x2*x3/(x4*x5),0.24640164700397807,8.176807,5
x2 + x3 - x4,0.1256070229564301,46.279552,2
