expr_str,reward,MSE,complexity
x1*x2**2*x3/(3*x4*x5),0.9227439323596154,6.8206443e-13,8
x2**2*x3/(x4 + x5),0.21107271768476504,11.974742,6
