expr_str,reward,MSE,complexity
x1**2/(2*x2*(x1 + x1/x2)),0.9135172202757273,8.8706817e-16,9
sin(x1/(x1 + x2)),0.8395589778105731,0.014737587,6
