expr_str,reward,MSE,complexity
x1**2/(2*x1*x2 + 2*x1),0.9227446696231357,7.226164e-16,8
