expr_str,reward,MSE,complexity
x2/(2*x1 - x2 - exp(x1)),0.9004988984399557,0.00061028055,8
x1**3*(x1 - 1) - x2 - cos(x2) + 1,0.892292595499304,0.00018356954,10
x1**3*(x1 - 1) + x2*(x1*x2 - 2*x1)/(2*x1),0.8863848511277852,5.3950837e-16,12
