expr_str,reward,MSE,complexity
x1**4 - x1**3 + x2*(x2 - 2)/2,0.9043820526797014,6.095912e-16,10
x2/(2*x1 - x2 - exp(x1)),0.9004988984399557,0.00061028055,8
-x2,0.827040427767895,0.038824536,1
-x2**2,0.816717669312011,0.035361685,3
x2,0.4987968059594213,1.009672,0
