expr_str,reward,MSE,complexity
x1**3*(x1 - 1) + x2**2/2 - x2,0.9043820596868706,2.8702736e-16,10
x2/(2*x1 - x2 - exp(x1)),0.9016320446872268,0.0005483108,8
