expr_str,reward,MSE,complexity
x2/(2*x1 - x2 - exp(x1)),0.9016320446872268,0.0005483108,8
x1**2*(x1**2 - x1) + x2**2/2 - x2,0.8863848548449945,3.6227964e-16,12
x1 - x2 - (x1 - 1)*cos(x1) - cos(x2),0.8765995860505558,0.00045695656,11
