expr_str,reward,MSE,complexity
sin(x1**2)*cos(x1) - 0.75,0.877521001118498,6.217249e-16,13
-0.492379960000000,0.8647921774822287,0.024444442,0
0.06*x1 - 0.5,0.8601211156083105,0.02280121,2
