expr_str,reward,MSE,complexity
sin(x1**2)*cos(x1) - 0.75,0.8775182775346776,9.78857e-12,13
-0.513387560000000,0.8715762588701109,0.021711001,0
-0.01*x1 - 0.51,0.8630268041202113,0.021645894,3
