expr_str,reward,MSE,complexity
-x2*cos(x2),0.908071683497994,0.0022338093,5
x1**4 - x1**3 + x2**2/2 - x2,0.8953382354627673,4.4071137e-16,11
x1**3*log(x1) - x2/(x2 + 1),0.8847905688152592,0.00049029186,10
