expr_str,reward,MSE,complexity
-x2*cos(x2),0.9092712636085302,0.0021051178,5
x2/(2*x1 - x2 - exp(x1)),0.9016320446872268,0.0005483108,8
-x1*(-x1**3 + x1**2) + x2**2/2 - x2,0.8863848528576015,4.5265875e-16,12
