expr_str,reward,MSE,complexity
sin(x1) + sin(x1**2 + x1),0.9043820368919517,1.7763568e-15,10
x1*(exp(x1) + 1)*cos(x1),0.8711056723431684,0.00237043,9
