expr_str,reward,MSE,complexity
x1*x2/(x5*(x3**2 - x4**2)),0.9127558486040594,6.9584934e-07,9
sin(x3*(-x3 + x4) - x4),0.051513920600381714,298.46805,6
