expr_str,reward,MSE,complexity
(x1 - sin(x1))*exp(x1),0.9018425132919834,0.00053718244,8
x1**4/(4*log(x1 + 1)),0.901195847453145,0.00018693118,9
x1**3*(x1**4 + x1)/(x1**2 + 4*x1),0.8803231037042685,4.7414855e-05,12
x1**5*(x1 + 1)*exp(-x1)*cos(x1),0.8721964779880322,3.7268022e-05,13
x1*(x1 + 1)*(x1**4 - cos(x1) + 1)*exp(-x1 - 1),0.8471646163641469,2.5681327e-05,16
x1**2*(x1 + 1)*(x1 - sin(x1)**2)*sin(x1)**2,0.8395595428094217,1.6243066e-05,17
(x1**2 + (x1**2 - x1)*(x1**2 + x1))/(x1**2 + 1 + 1/(x1**2 + x1)),0.8097278607609619,8.48856e-17,21
