expr_str,reward,MSE,complexity
(x1 - sin(x1))*exp(x1),0.9018425132919834,0.00053718244,8
x1**4/(x1**2 - 1/(x1 + 1) + (x1 + 1)/x1),0.8687458091843716,1.702541e-17,14
-exp(x1)*cos(x1) + sin(x1) + 1,0.8664834347564209,0.00052753143,12
(x1 - sin(x1))*(exp(x1) + cos(2*x1)),0.8587120579301788,0.00047977176,13
