expr_str,reward,MSE,complexity
x1*sin(x1)*cos(x1) - 1,0.90538651245451,8.0647624e-05,9
sin(x1**2)*cos(x1) - 1,0.9043820509015895,7.1054275e-16,10
