expr_str,reward,MSE,complexity
x1*sin(2*x1)/2 - 1,0.9140353495624333,9.079146e-05,8
x1**2*cos(x1) - 1,0.9119025923776499,0.0004888807,7
sin(x1**2)*cos(x1) - 1,0.9043820480561191,8.881784e-16,10
