expr_str,reward,MSE,complexity
sin(x1**2)*cos(x1) - 5,0.9043820750088044,0.0,10
x1**2 + cos(x1**2) - 6,0.8857669628235311,0.0009815127,9
-cos(x1) - 4,0.8800688915650121,0.00649409,5
