expr_str,reward,MSE,complexity
x1**4/(x1 + x2),0.9509820992475803,6.989737e-11,5
