expr_str,reward,MSE,complexity
-x2 + (x1 - 1)*exp(x1) + 1,0.9209071957692647,0.00014680905,7
x1**3*(x1 - 1) + x1*(x1 - 1) + x1 - x2,0.9135172177259027,1.0611245e-15,9
