expr_str,reward,MSE,complexity
x1**(1/5),0.9227446698312312,7.1054275e-16,8
(3*x1 + 1)/(2*x1 + 2),0.9213514613138671,0.00047728774,6
1,0.810943686493212,0.05435018,0
