expr_str,reward,MSE,complexity
x1**(1/5),0.9605959813720089,8.881784e-16,4
1,0.8397822477764127,0.03639887,0
