expr_str,reward,MSE,complexity
x1*x2**2/2,0.9509885686417512,2.4261127e-12,5
