expr_str,reward,MSE,complexity
x1*x2**2/2,0.9509884857276384,2.7053203e-12,5
