expr_str,reward,MSE,complexity
x1*x2**2/2,0.9509886746600071,2.0912517e-12,5
