expr_str,reward,MSE,complexity
x1*x2**2/2,0.9509885243968144,2.5732127e-12,5
