expr_str,reward,MSE,complexity
x1*x2**2/2,0.9509885198988098,2.5884095e-12,5
