expr_str,reward,MSE,complexity
x1*x2**2/2,0.9509886805983236,2.0732305e-12,5
