expr_str,reward,MSE,complexity
3*sin(x1)*sin(2*x2)/sin(x2),0.8687456485033247,3.575265e-14,14
2*E*x1*cos(x2),0.8205515453844422,0.01283612,9
