expr_str,reward,MSE,complexity
x1*x2**2/2,0.950988568785469,2.425642e-12,5
