expr_str,reward,MSE,complexity
x1*x2**2*(x1*x2/2 + x1/2)/(x1*x2 + x1),0.8687443706277328,2.7556978e-12,14
