expr_str,reward,MSE,complexity
x1*x2/(2*x2**2 + 2*x2),0.9227446664741159,9.177381e-16,8
log(x1)/x2,0.8746238913345192,0.0076235845,5
