expr_str,reward,MSE,complexity
-x1*(-1 + 1/x2)/(2*x2 - 2/x2),0.8953381857068202,5.8622553e-15,11
