expr_str,reward,MSE,complexity
-x1/(-2*x2 - 2),0.9414801258263967,6.2699846e-16,6
