expr_str,reward,MSE,complexity
x1/(2*x2 + 2),0.9605959851352261,6.700196e-16,4
