expr_str,reward,MSE,complexity
-x1/(-2*x2 - 2),0.9414801226603818,8.067158e-16,6
