expr_str,reward,MSE,complexity
x1*x2/(2*x2**2 + 2*x2),0.922744667176176,8.7221894e-16,8
