expr_str,reward,MSE,complexity
x1*x2/(2*x2**2 + 2*x2),0.9227446680643528,8.162915e-16,8
x1/(x1 + x2),0.862709124549386,0.015552995,3
