expr_str,reward,MSE,complexity
x1**(1/3),0.9605959651901063,2.1760372e-15,4
