expr_str,reward,MSE,complexity
x1*sin(2*x1)/2 - 5,0.914035325710116,9.079196e-05,8
x1**2*cos(x1) - 5,0.9119026158647567,0.0004888795,7
sin(x1**2)*cos(x1) - 5,0.9043819785799525,1.1368684e-14,10
-cos(x1) - 4,0.8748972515350925,0.0075643742,5
