expr_str,reward,MSE,complexity
x1**4 - x1**3 + x1**2 - x2,0.9135172157279897,1.208394e-15,9
x1 - x2 - (x1 + 1)*cos(x1) + 1,0.9095041360857673,0.00021193527,8
