expr_str,reward,MSE,complexity
(x1 + 1)*(-x1**2 - 2*x1 - 1)/(-x1**2 + x1 - 1),0.8687453583441798,2.7361446e-13,14
x1 + (3*x1 + 1)/x1,0.3660073133223712,2.554504,5
x1 + 3,0.34231190592501726,3.5800395,1
