expr_str,reward,MSE,complexity
(x1 + 1)*(x1**2 + 2*x1 + 1)/(x1**2 - x1 + 1),0.8775205639840199,2.7361446e-13,13
(x1**2 + 2*x1)**2/(x1**3 - x1 + 1),0.6030582162837936,0.22072747,12
2 + (x1**2 + x1)/(x1 - 1) + 2/x1,0.5688814085255983,0.34781098,10
(x1**2 + x1)/(x1 - 1) + (2*x1 + 2)/x1,0.5631926123424937,0.34781092,11
x1 + 2,0.2784586965839344,6.529481,1
