expr_str,reward,MSE,complexity
(x1**6 - 3*x1**4 + x1)/(x1**3 + x1),0.8863848232761928,2.9864999e-15,12
-3*x1/2 + (x1 + 1)/(x1**2 + 1),0.852861118819392,0.0036493137,10
