expr_str,reward,MSE,complexity
x1**3 - 4*x1**3/(x1**2 + 1) + 1/(x1**2 + 1),0.842943165721564,1.0769163e-15,17
x1*(x1 - 2)*(x1**2 + x1 - 1/x1)/2,0.8404259893917144,0.004269134,11
(-2*x1**4 + sin(x1))*cos(x1)/x1,0.834026149156161,0.0027196738,13
(x1 - cos(x1))*(x1*(x1**2 - x1) - 1)/(x1**2 - x1 + 1),0.831625384342191,0.00056871475,16
x1**5 - 2*x1**3 + x1**2 + cos(2*x1),0.8295725923374058,0.0022298198,14
x1**2 - x1*sin(2*x1**2) + cos(2*x1),0.822747095679285,0.002056587,15
-x1**2 + cos(x1),0.5564079128433143,0.47895843,6
