expr_str,reward,MSE,complexity
exp(-x1**2 + 4*x1 + 2*cos(x1) - 2),0.8456519196601519,0.0014202226,13
exp(-x1**2*(2 - x1) + 2*x1*cos(x1) + 2*x1),0.8416751138641729,0.00047704042,15
exp(x1*sin(2*x1) + 4*x1 - 4*sin(x1)**2),0.8340162358712482,0.000114566574,17
(x1**2 + 2*x1 + 1)*(-x1**4 + 2*x1 + 1),0.8252293260625758,0.0072176754,11
exp(-2*x1*(x1 - 2)),0.8083709835512458,0.02341415,7
(x1**2*(x1**2 + 2*x1 + 1) + x1*(x1**2 + 2*x1 + 1))/(x1**3 - x1**2 + x1),0.7936142181673932,6.8068923e-15,23
