expr_str,reward,MSE,complexity
(x1**2 + 2*x1 + 1)/(x1 + 3*x1/(x1**2 + x1) - 2),0.8600580074633849,1.6294786e-13,15
(sin(2*x1) + 1)*exp(2*x1)*cos(x1),0.7912746051572648,0.009585752,14
x1 + exp(x1 + sin(2*x1)),0.6785910578127732,0.119852364,9
exp(2*x1) + sin(x1),0.5306345839038316,0.54604065,8
exp(x1 + sin(x1)),0.42109476191021444,1.4724214,7
