expr_str,reward,MSE,complexity
x1**4*(x1**2 - 1)/(x1**4 - 1/x1),0.8775178389696082,1.3165647e-11,13
x1**2 - 1 + sin(2*x1)/(2*x1),0.8168668707597276,0.009228265,11
