expr_str,reward,MSE,complexity
x1**2 - 1 + exp(-x1**2),0.855395905777148,0.0032795377,10
(x1**4 - x1**3)*(x1**4 + x1**3)/(x1**6 - x1),0.8514552143468379,9.016796e-12,16
x1**2 - 1 + cos(x1)/(4*x1**2),0.8389770658190442,0.0031930045,12
x1**4/(x1**2 + 1),0.8373350768693765,0.012799087,7
x1**2 + exp(-x1**2 + x1 - sin(x1)) - 1,0.8308194676267209,0.0020838606,14
