expr_str,reward,MSE,complexity
x1 + sin(x1**2) + 1/3,0.9135155184129614,3.5825613e-12,9
x1 + sin(x1**2),0.7061101173116804,0.111111104,6
