expr_str,reward,MSE,complexity
x1**(1/5),0.960595984394346,7.1054275e-16,4
