expr_str,reward,MSE,complexity
(6*x1 + 3)/(4*x1 + 5),0.9307630762787837,0.0001325788,6
3*x1*(2*x1 + 1)/(4*x1*(x1 + 1) + x1),0.8940873174364974,0.00013257828,10
(9*x1**2 + 4*x1)/(6*x1**2 + 7*x1),0.8767542384539423,0.000120657394,12
(6*x1 + E)/(4*x1 + 2 + E),0.8681606142076285,0.000116249066,13
(2*x1 + exp(-1))/(x1 + log(2*x1 + 2)),0.8618724738900129,6.359888e-05,14
exp(log(x1)**2/log(x1**5)),0.8600583202527073,1.5987211e-15,15
3/(4*x1 + 5),0.5223900290165802,0.70366645,4
3*x1,0.1553569714643825,28.862906,1
9,0.11201081793369022,62.84857,0
