expr_str,reward,MSE,complexity
x1**(2/5),0.9605959471976016,4.2743586e-15,4
