expr_str,reward,MSE,complexity
2.345*tanh(1.04*x) - 0.593*tanh(2.014*x - 2.578),0.8843032185436934,0.001889721,8
1.663*x*exp(-1.177*x**2) + 1.074*tanh(1.473*x**2) + 0.65,0.8607060737670806,0.0016190115,11
-0.22*x + 1.792*tanh(1.96*x) + 0.483,0.8582991082164566,0.009392288,6
2.134*x**2*exp(-1.365*x**2) + 0.24*x*exp(-1.158*x**2) + 1.067*tanh(1.054*x) + 0.67,0.8106951476220876,0.0015823103,17
1.7954967,0.7991966493247032,0.06312983,0
0.027*x + 1.751,0.7917777512524667,0.06267556,2
1.8122828780420345 - 0.011*sinh(0.281*x**2),0.7607252646892912,0.06255487,5
