expr_str,reward,MSE,complexity
2.346*tanh(1.04*x) - 0.594*tanh(2.013*x - 2.577),0.8843032366997804,0.0018897192,8
0.389*x*cosh(0.949*x - 2.985) + 0.503,0.8658214917465946,0.0076359054,6
1.663*x*exp(-1.176*x**2) + 1.074*tanh(1.473*x**2) + 0.65,0.8607060725701258,0.0016190116,11
2.135*x**2*exp(-1.374*x**2) + 0.231*x*exp(-1.088*x**2) + 1.067*tanh(1.061*x) + 0.67,0.8106925316356003,0.0015825772,17
1.7954967,0.7991966493247032,0.06312983,0
0.046*x + 1.7288008955305118,0.7850635150331868,0.061719462,2
