expr_str,reward,MSE,complexity
exp(x2*sin(x1)),0.9104893060294557,0.000561557,7
x1*x2 + 1,0.9084041535319187,0.006229164,2
x1*x2 - cos(x2*sin(x1)) + 2,0.893309699110054,0.00015363054,10
(2*x1**2*x2 + 3*x1)/(-x1**2*x2 + 3*x1),0.8775209518573945,6.5725204e-15,13
