expr_str,reward,MSE,complexity
2*x1*x2 + exp(-x1*x2),0.912546104210625,0.00012490236,8
exp(x2*sin(x1)),0.9082432271582764,0.0006879494,7
(2*x1**2*x2 + 3*x1)/(-x1**2*x2 + 3*x1),0.8775209540048247,6.181722e-15,13
x1*x2 - x2**2*cos(x1) + x2**2 + 1,0.8772928095268597,0.00010740776,12
