expr_str,reward,MSE,complexity
(x1**2 + x1)/cos(x1)**2,0.8836213518520605,0.0005520171,10
(x1**3 + x1**2)*(x1**4 + x1**2 + 1)/x1,0.8687457397038533,7.0735086e-15,14
(2*x1**2 + 2*x1)/(cos(2*x1) + 1),0.8660373351653083,0.00055201445,12
(-x1 + exp(x1))*(x1**2 + x1)/cos(x1),0.8623712498542381,0.00030861975,13
