expr_str,reward,MSE,complexity
x1**3*log(x1**2) - x1**3 + x1/(x1**3 + x1),0.8312415136142571,0.00019817185,17
-x1 + cos(x1),0.8225117738924865,0.028184086,4
-x1**3 + cos(x1),0.8166624624730867,0.02335969,6
-x1*exp(x1)/2 + 1,0.8139912358441582,0.021041172,7
x1**3 + 2*x1*(-x1**3 + x1)/(x1**3 + x1) - 2*x1 + x1/(x1**3 + x1),0.809727821724529,3.2973625e-15,21
x1**3*log(x1**2) - x1**3 + cos(x1),0.8076869216646181,0.0042043882,15
