expr_str,reward,MSE,complexity
x1*cos(x1)**6 - x1 + 1/(x1**2 + 1),0.8629704668813861,0.00028429375,13
(-x1 + cos(x1))*(x1*cos(x1)**6 + 1),0.8628322428301034,0.0007451197,12
x1**3 - 4*x1**3/(x1**2 + 1) + 1/(x1**2 + 1),0.842943165721564,1.0769163e-15,17
x1*cos(x1)**6 - x1 + 2*x1/(2*x1**3 + 2*x1),0.8373393831765936,0.00028429367,16
-x1**3 + cos(x1),0.8166624624730867,0.02335969,6
-2*x1 + sin(2*x1) + cos(x1),0.8100627120701298,0.013557026,10
