expr_str,reward,MSE,complexity
sin(x1)/((x1 + 2)*cos(x1 + cos(x1))),0.8409852557449473,0.0010896313,14
2*x1**5*exp(x1) + x1**2*exp(x1) + x1*cos(x1),0.804810687726226,0.0007042569,19
2*x1*exp(x1)/cos(x1**2) - sin(x1*exp(x1)),0.7999429662174314,0.0005042973,20
x1*(x1*exp(x1) - exp(x1) + 2)*exp(x1)/cos(x1**2),0.7985575015851601,0.0001956692,21
(x1**2 - x1 + 2*x1*exp(-x1))*exp(2*x1)/cos(x1**2),0.7905719492797678,0.00019566838,22
x1*(-x1**10*sin(x1)**2 + x1*sin(x1)**2)/((-x1**2 + x1)*sin(x1)**2),0.7623425906348729,2.633449e-14,27
x1*exp(x1)/cos(x1),0.664607123566429,0.14026688,9
x1*(x1 + cos(x1)) + x1,0.5720142906521009,0.41719094,6
