expr_str,reward,MSE,complexity
log((x1 + 1)*(x1**2 + 1)),0.922744612846316,7.816664e-15,8
x1 + (1 - cos(x1))/x1,0.8842785353712878,0.0029203705,7
