expr_str,reward,MSE,complexity
log(x1 + 1) + log(x1**2 + 1),0.8953381899971627,5.151435e-15,11
(x1**2 + 2*x1)/(x1 + 1),0.8254979855939374,0.016665425,7
