expr_str,reward,MSE,complexity
x1**4*(x1**2 - 1)/(x1**4 - 1/x1),0.8775178389696082,1.3165647e-11,13
x1**2 - 1 + exp(-x1**2),0.855395905777148,0.0032795377,10
x1**2 - 1,0.7857238472931001,0.055183165,3
