expr_str,reward,MSE,complexity
x1**2*cos(x1) - 2,0.9024176482714563,0.0010793613,7
2*x1/(x1*cos(2*x1) - sin(2*x1)),0.8556416061118959,0.0006538644,13
sin(x1**2)*cos(x1) + (2*x1**2 - 2*x1)/(-x1**2 + x1),0.8179069375972308,0.0,20
