expr_str,reward,MSE,complexity
x1**2*cos(x1) - 2,0.9119025900289409,0.0004888808,7
sin(x1**2)*cos(x1) - 2,0.9043820332538837,2.1316283e-15,10
