expr_str,reward,MSE,complexity
x1**3*cos(x1) - 1,0.908780080714864,0.0006565153,7
x1*sin(2*x1**2)/2 - 1,0.8999245787844905,2.4534078e-05,10
sin(x1**3)*cos(x1**2) - 1,0.8863848362749084,1.5987211e-15,12
-x1*cos(x1) + x1 - 1,0.8698898387390174,0.006772983,6
