expr_str,reward,MSE,complexity
sin(x1)**3 - 1,0.9239426141722327,0.00036028578,6
x1**3*cos(x1) - 1,0.9147436554814635,0.0003585765,7
x1*sin(2*x1**2)/2 - 1,0.8999379655303709,2.4386212e-05,10
x1**3*cos(x1**2) - 1,0.89799556286261,0.00029876473,9
sin(x1**3)*cos(x1**2) - 1,0.8863848452998023,8.881784e-16,12
-cos(x1),0.7161888321033937,0.11645894,4
