expr_str,reward,MSE,complexity
1.11*x1**0.5,0.9702989023644297,1.0125234e-14,3
0.51*x1 + 0.2,0.9594225785772269,0.00046448628,2
1.11*sqrt(x1),0.9509899738512132,6.3948845e-15,5
1.29000000000000,0.8360427818401558,0.03845954,0
