expr_str,reward,MSE,complexity
1.11*x1**0.5,0.9702989363165578,4.3076653e-15,3
0.44*x1 + 0.6,0.905076328734141,0.008804143,2
1.39180450000000,0.6620626340900831,0.26053992,0
