expr_str,reward,MSE,complexity
x1**(2/5),0.960595984394346,7.1054275e-16,4
1,0.712044250254565,0.1635451,0
