expr_str,reward,MSE,complexity
x1*(2*x1 + 2)*(x1**2/2 + 1/2),0.8953381806643085,6.756401e-15,11
