expr_str,reward,MSE,complexity
2*x1**3*(2*x1 + 2) - x1**3 + 2*x1**2 + x1,0.8687456208789159,4.8788752e-14,14
x1*(x1 + exp(x1))*exp(x1),0.6566127304367044,0.15308227,9
