expr_str,reward,MSE,complexity
sin(x1**3)*cos(x1**2) - 1,0.8863848452998023,8.881784e-16,12
x1**3 - 1,0.8751499992533581,0.0118207075,3
sin(x1)*sin(x1**2) - 1,0.8670493942439429,0.0018539187,10
