expr_str,reward,MSE,complexity
1.06*x1 + 0.48*x2 + 0.02,0.9330789256562899,0.0037214262,4
0.48*x2**2 + sin(1.5*x1),0.9115550573629552,4.6335767e-06,9
0.23*x2*(2.02*x2 + 0.1) + sin(1.5*x1),0.9031705569262614,1.7993691e-06,10
1.06*x1 + 0.49*x2**2 + 0.09,0.8949616937060998,0.0027017284,6
0.88*x2*sin(0.58*x2) + sin(1.5*x1),0.8860528684458846,1.4039946e-07,12
2.77*x1/(1.37*x1 - 1.29*x2 + 1.86) + 0.09,0.8787122439323374,0.0025110326,8
sin(1.5*x1) + sin(0.5*x2**2),0.8775203290684781,6.2534195e-13,13
0.771457140000000,0.7521423414117782,0.108593695,0
