expr_str,reward,MSE,complexity
1.14*x1 + 0.48*x2 - 0.04,0.9278413390300939,0.0012462324,4
0.49*x2**2 + sin(1.5*x1),0.9115550549609673,4.633588e-06,9
0.63*x2 + 1.01*sin(1.45*x1) - 0.18,0.906967339488733,0.00030261127,8
0.1*x2*(4.68*x2 + 0.24) + sin(1.5*x1),0.9031644589977159,1.8175527e-06,10
0.88*x2*sin(0.58*x2) + sin(1.5*x1),0.886052871015674,1.4039729e-07,12
0.610000000000000,0.8827417809981272,0.0176449,0
sin(1.5*x1) + sin(0.5*x2**2),0.8775209782348696,2.602224e-15,13
