expr_str,reward,MSE,complexity
0,0.94574172349365,0.0032914472,0
0.48*x2**2 + sin(1.5*x1),0.9115745330204776,4.5418583e-06,9
0.43*x2*(1.08*x2 + 0.06) + sin(1.5*x1),0.9031895837992251,1.7432213e-06,10
-0.62*x1*(1.18*x1 - 2.87) + 0.5*x2 - 0.11,0.9012674505743586,0.0011677094,7
0.5*x2 + 1.01*sin(1.49*x1) - 0.09,0.8929461107018446,0.0011136296,8
0.88*x2*sin(0.58*x2) + sin(1.5*x1),0.8860390573599017,1.523282e-07,12
sin(1.5*x1) + sin(0.5*x2**2),0.877520845825102,4.0764718e-14,13
