expr_str,reward,MSE,complexity
x1**4*(x1**6 - 1/x1**3)/(x1 - 1),0.886384478609751,1.9668711e-13,12
2*x1*exp(x1 - cos(2*x1)),0.8106134541340287,0.013380965,10
