expr_str,reward,MSE,complexity
x1**4*(x1**6 - 1/x1**3)/(x1 - 1),0.8863847267851418,2.6734864e-14,12
