expr_str,reward,MSE,complexity
x1**5/x2**3,0.18578560087618196,16.545065,6
