expr_str,reward,MSE,complexity
x1**2*(x1**3 + x1**3*(1 - x2)/x2)/x2**2,0.8251423239479669,0.0010171003,16
