expr_str,reward,MSE,complexity
x1**4*(x1**5 - 1/x1**3)/(x1 - 1),0.8863845021914841,1.737971e-13,12
x1*exp(x1**2 + x1),0.7469686600631212,0.061403416,7
x1*exp(2*x1),0.745769846453425,0.075723484,5
