expr_str,reward,MSE,complexity
(x1**4 + 1)*(x1**2*(x1**2 + x1) + x1**2 + x1),0.8687456716338239,2.6392778e-14,14
exp(2*x1)*sin(x1),0.7679498126527983,0.040630065,8
