expr_str,reward,MSE,complexity
0,0.9684172119817314,0.0010635941,0
x1,0.9591877072832903,0.0010319076,1
