expr_str,reward,MSE,complexity
1.02*x1 - 0.07*x2 + 0.13,0.9418598533601464,0.0026124155,4
1.41*x1*cos(0.84*x1),0.9193487106406438,0.0005795071,6
-0.07*x2 + 0.96*sin(1.5*x1) + 0.04,0.9117493673094577,0.0001454338,8
0.270000000000000,0.9097013087273518,0.009852927,0
-0.69*x1**2 - 0.15*x1*x2 + 1.76*x1 - 0.02,0.9050332726457337,8.787587e-05,9
sin(1.5*x1)*cos(0.5*x2),0.9043820384418982,1.6348299e-15,10
