expr_str,reward,MSE,complexity
0.0200000000000000,0.9978453075580697,4.662771548692873e-06,0
0.4836*x2**2 + 0.992*sin(1.51*x1) + 0.01,0.9024375919518984,4.642735802917741e-06,10
0.49*x2**2 + 0.02*x2 + sin(1.51*x1),0.8943868476092094,1.1315703432046575e-06,11
0.87*x2*sin(0.58*x2) + sin(1.5*x1),0.8860528679755985,1.4039986240277358e-07,12
sin(1.5*x1) + sin(0.5*x2**2),0.8775209793798966,2.4708012481296617e-15,13
