expr_str,reward,MSE,complexity
1.05*x1 + 0.5*x2,0.9303160584174077,0.004115797,3
-0.73*x1**2 + 1.77*x1 + 0.49*x2**2 - 0.02,0.8974483409591462,5.9691905e-05,10
1.01*x1*cos(1.04*x1) + 0.49*x1 + 0.48*x2**2,0.8844594644945626,4.7390286e-06,12
sin(1.5*x1) + sin(0.5*x2**2),0.8775209859633334,1.7812487e-15,13
0.790205060000000,0.7513055290866975,0.109571874,0
