expr_str,reward,MSE,complexity
0,0.9753776733652164,0.000637254,0
x1,0.965746534493747,0.00063069776,1
