expr_str,reward,MSE,complexity
(x1 + 1)**3/(x1**2 - x1 + 1),0.913516535846142,6.0685484e-13,9
x1 + 1 + E,0.3599691976614546,2.695721,5
