expr_str,reward,MSE,complexity
(x1**2 + x1)*(x1**3 + 2*x1**2 + x1)/(x1**2*(x1**2 - x1) + x1**2),0.8016299786660436,5.8070286e-13,22
(x1**2 + 3*x1 + 1)/(x1 - 1 + 1/(2*x1)),0.6413820090706625,0.14591797,12
(x1 - sin(x1)/x1)*(x1**2 + 3*x1 + 1)/(x1**2 - x1),0.6394266938465628,0.10130193,17
(x1**2 + 3*x1)/(x1 - 1 + 1/(2*x1)),0.5781435641895144,0.30100965,11
(x1 + 1)*(x1 - x1/(1 - x1) + 2)/x1,0.5746277493091356,0.34781078,9
