expr_str,reward,MSE,complexity
15*x1/11 + log(x1),0.8955724505657684,0.0016604096,7
log(x1**2 + 1) + log(x1**2 + x1),0.8775209455156026,7.796541e-15,13
x1*exp(-1) + x1 + log(x1),0.8696116913259034,0.0015987046,10
