expr_str,reward,MSE,complexity
log(x1**2 + 1) + log(x1**2 + x1),0.8775209736473147,3.1629214e-15,13
x1**2/2 + log(x1) + sin(x1),0.8420874644000392,0.0027672106,12
