expr_str,reward,MSE,complexity
x1**3 - 4*x1**3/(x1**2 + 1) + 1/(x1**2 + 1),0.8429238451734243,5.2687177e-10,17
