expr_str,reward,MSE,complexity
x1*(x1**4 - 3*x1**2 + 1/x1)/(x1**2 + 1),0.8600361872927538,6.643456e-10,15
x1**3 - 4*x1 + 1/x1,0.5522432057888533,0.4730421,7
