expr_str,reward,MSE,complexity
3.39*x1**3 + 2.12*x1**2 + 1.78*x1,0.9135171407645961,1.3647417e-14,9
0,0.6388569953829216,0.31955904,0
