expr_str,reward,MSE,complexity
1.11*x1**0.5,0.9702988989967011,1.08357766e-14,3
1.11*sqrt(x1),0.9509899782005145,5.684342e-15,5
0.43*x1 + 0.61,0.8701794618759208,0.015956588,2
1.52561470000000,0.6438125153129061,0.3060825,0
