expr_str,reward,MSE,complexity
1.11*x1**0.5,0.9702988839254268,1.4310774e-14,3
1.11*sqrt(x1),0.9509899484521204,1.1379786e-14,5
1.10874343290051*x1**0.5,0.9320652786713609,5.5178085e-15,7
0.43*x1 + 0.6,0.8789691361491225,0.015956594,2
1.52561470000000,0.6438125153129061,0.3060825,0
