expr_str,reward,MSE,complexity
x1*x2**2,0.9702958081424571,1.0821281e-11,3
