expr_str,reward,MSE,complexity
x1*x2**2,0.9702961936781881,8.365007e-12,3
