expr_str,reward,MSE,complexity
x1*x2**2,0.970295887050835,1.0292851e-11,3
