expr_str,reward,MSE,complexity
x1*x2**2,0.9702958778721997,1.0353638e-11,3
