expr_str,reward,MSE,complexity
x1*x2**2,0.9702961292463008,8.753531e-12,3
