expr_str,reward,MSE,complexity
x1*x2**2,0.9702963681068002,7.357457e-12,3
