expr_str,reward,MSE,complexity
2*x1*x2**2*(x1 + x2)/(2*x1 + 2*x2),0.8953357325335526,7.932748e-12,11
