expr_str,reward,MSE,complexity
(x1 + sin(x1))*(-x1 + exp(x1) + sin(x1)),0.8696867621494647,8.11466e-05,13
x1**3 + x1**2 + x1 + sin(x1) + sin(x1**2),0.8514577118553687,4.8405722e-15,16
