expr_str,reward,MSE,complexity
-x1*(1 - exp(x2*x3/(x4*x5))),0.8777369931506197,0.00092152116,10
exp(x2*x3/(x4*x5)),1.4840100612696067e-05,3944620300.0,7
x1*x2/x5 + x1,1.067246564649837e-05,8101070000.0,4
x2*exp(x3 - x4),1.0566382101405778e-05,8100087000.0,5
