expr_str,reward,MSE,complexity
-x1*(1 - exp(x2*x3/(x4*x5))),0.8997341675880982,2.6686186e-05,10
exp(x2*x3/(x4*x5)),8.846359983058734e-05,110989290.0,7
exp(x2*(x3 - x4*x5)),3.6757845283982716e-05,655976600.0,6
2*x2,2.7300643682873658e-05,1314924000.0,1
x2**2,2.7027847721022462e-05,1314903600.0,2
x2*exp(x3),2.6501069184433433e-05,1313804700.0,4
x2/log(x4),2.6293537670105904e-05,1308066700.0,5
