expr_str,reward,MSE,complexity
-x1**2 - cos(2*x1),0.9046843740768737,0.00039852606,8
sin(x1**2)*cos(x1) - 1,0.9043820509015895,7.1054275e-16,10
