expr_str,reward,MSE,complexity
-x1**2*cos(x2) + x1*(x1 + x2) + 1,0.8953655166454179,0.00010141002,10
(2*x1*x2**2 + 3*x2)/(-x1*x2**2 + 3*x2),0.8775209597994105,5.186962e-15,13
