expr_str,reward,MSE,complexity
2*x1*x2 + exp(-x1*x2),0.912546104210625,0.00012490236,8
exp(x2*sin(x1)),0.9082432271582764,0.0006879494,7
-x1**2*cos(x2) + x1**2 + x1*x2 + 1,0.8775976486631453,0.00010025647,12
x1*x2 + x1*x2/sin(2*x1*x2) + 1/2,0.8738422806585224,1.7722812e-05,13
(-2*x1**2*x2**2 - 3*x1*x2)/(x1**2*x2**2 - 3*x1*x2),0.8179068711096646,6.6080475e-15,20
