expr_str,reward,MSE,complexity
(4*x1*x2 + 6)/(-2*x1*x2 + 6),0.9227446158724008,7.247536e-15,8
x1*x2 - cos(x1*x2) + 2,0.9212401440248511,0.00013807863,7
