expr_str,reward,MSE,complexity
-x1**2*cos(x2) + x1*(x1 + x2) + 1,0.8947876867805037,0.00011497266,10
x2*(2*x1 - sin(x1)) + 1,0.8848212207799662,0.0028509172,7
(2*x1**2*x2 + 3*x1)/(-x1**2*x2 + 3*x1),0.8775209509024323,6.750156e-15,13
