expr_str,reward,MSE,complexity
x1*x2 + 1,0.8993710671643295,0.008057134,2
-x2*(x1 - sin(x1)) + exp(x1*x2),0.8927119735126207,0.0001708939,10
(2*x1**2*x2 + 3*x1)/(-x1**2*x2 + 3*x1),0.8775209528253534,6.3948845e-15,13
