expr_str,reward,MSE,complexity
x1*x2 - cos(x1*x2) + 2,0.9217992426319813,0.00012403342,7
(2*x1**2*x2 + 3*x1)/(-x1**2*x2 + 3*x1),0.8775209546021872,6.0751405e-15,13
