expr_str,reward,MSE,complexity
(2*x1**2*x2 + 3*x1)/(-x1**2*x2 + 3*x1),0.8775209558128465,5.8619775e-15,13
