expr_str,reward,MSE,complexity
exp(x1*x2),0.9262946210567494,0.0013712768,4
exp(x2*sin(x1)),0.9085453682130689,0.0006701633,7
x1*x2 + 1,0.9084214258257829,0.0062259263,2
-x1**2*cos(x2) + x1*(x1 + x2) + 1,0.8958728439495206,9.02169e-05,10
(2*x1**2*x2 + 3*x1)/(-x1**2*x2 + 3*x1),0.8775209572534499,5.6132878e-15,13
