expr_str,reward,MSE,complexity
exp(x1*x2),0.9224594634312956,0.0017091813,4
exp(x1*sin(x2)),0.907639565346957,0.00072421937,7
-x2**2*cos(x1) + x2*(x1 + x2) + 1,0.8950218184904144,0.00010937253,10
x1**3*x2**3/(x1 + x2) + x1*x2 + 1,0.8884256900478443,6.0539125e-05,11
(exp(x1*x2) - 1)/log(x1*x2 + 1),0.8849366763616021,2.6781192e-06,12
(2*x1*x2**2 + 3*x2)/(-x1*x2**2 + 3*x2),0.87752095109241,6.714629e-15,13
