expr_str,reward,MSE,complexity
(2*x1*x2**2 + 3*x2)/(-x1*x2**2 + 3*x2),0.8775209562212762,5.7909233e-15,13
x1*x2 + x2/sin(x2),0.8753746581686308,0.0041940687,7
