expr_str,reward,MSE,complexity
(x1 - sin(x1))*exp(x1),0.9018425132919834,0.00053718244,8
x1**6/(-x1**4/(x1 + 1) + x1**3*(x1 + 1) + x1),0.8600583478727297,6.193506e-17,15
