expr_str,reward,MSE,complexity
(x1 - sin(x1))*exp(x1),0.9018425132919834,0.00053718244,8
x1**3/3,0.883320740341754,0.00765322,4
x1**5/(x1**3 + x1 + x1/(x1**2 + x1)),0.8775210167524239,5.0671592e-17,13
