expr_str,reward,MSE,complexity
x1/x2,0.9800999344253871,4.476419e-15,2
