expr_str,reward,MSE,complexity
log((x1**2 + 1)*(x1**2 + x1)/x1),0.8863848126428152,4.441586e-15,12
x1 + x1/(x1 + 1),0.8235937411244914,0.027671292,4
