expr_str,reward,MSE,complexity
log(x1 + 1) + log(x1**2 + 1),0.8953381899971627,5.151435e-15,11
x1/sin(1),0.7934447664402413,0.03942552,5
x1 + cos(1),0.7780686338494409,0.055032622,4
