expr_str,reward,MSE,complexity
x1*(x2*x5 + x3*x4*x5*sin(x5))/x5,0.8953356471772183,8.47886e-12,11
x1*x3*(x4 + sin(x5))*sin(x5),0.11350082254994584,48.553947,10
x1*(x3*x4 + x4 - x5)*sin(x5),0.09456405841068703,76.700455,8
(2*x1 + x4)*(x3 + x4 - x5)*sin(x5),0.09447117331780314,75.16541,9
x2*x3*sin(x5) + x2,0.04318334772332002,432.72012,6
x4*x5*sin(x5),0.039119573340803473,543.348,5
x2 - x4*(-x4 + x5) + x4,0.039117742557955186,554.9101,4
