expr_str,reward,MSE,complexity
x1*x3*x4*(x2/(x3*x4) + sin(x5)),0.9043797093692787,6.842196e-12,10
x1*(x2 + x3*x4 - x5)*sin(x5),0.09780263245318613,71.14523,8
x2*x3*(x4 - x5 + log(x2)),0.0393369609168068,515.0354,7
x1*x3 + x3/x5,0.03455355594347398,718.2511,4
