expr_str,reward,MSE,complexity
(x1**2 + 1)*(x1**2 + x1),0.9320652571366554,9.4840805e-15,7
