expr_str,reward,MSE,complexity
(x1**2 + 1)*(x1**2 + x1),0.9320652718742303,6.6543993e-15,7
