expr_str,reward,MSE,complexity
1.97*x1*(1.05*x1**2 + exp(1.09*x1) - 0.08),0.8912438433936253,2.1105214e-05,11
0.48*x1**4 + 3.39*x1**3 + 2.12*x1**2 + 1.78*x1,0.8775206814529347,1.5148993e-13,13
3.31*x1**3 + 2.58*x1**2 + 1.84*x1 - 0.06,0.87337649081193,0.0012603084,10
4.34*x1 + 1.08,0.4914647369130119,1.0289803,2
1.38738740000000,0.2563823615019017,8.412461,0
