expr_str,reward,MSE,complexity
0.48*x1**4 + 3.39*x1**3 + 2.12*x1**2 + 1.78*x1,0.8775209365335386,9.7089e-15,13
2.42*x1*exp(0.4*x1*exp(1.19*x1)) + 0.16,0.7604467414614866,0.02742691,12
3.49*x1 + 0.81,0.6001153208299617,0.4220879,2
0.435464200000000,0.3244641162377938,4.3347445,0
